{
  "Attention": {
    "AUC-ROC": 0.9493384645794724,
    "F1": 0.8857060352295697,
    "Precision": 0.8566640598815775,
    "Recall": 0.9167862266857962
  }
}