{
  "Full Bi-directional Attention": {
    "AUC-ROC": 0.9590646092394336,
    "F1": 0.9028531419569403,
    "Precision": 0.8817094017094017,
    "Recall": 0.9250358680057389
  }
}