{
  "Full Attention": {
    "AUC-ROC": 0.9571208226323971,
    "F1": 0.8969132207338381,
    "Precision": 0.8744038155802861,
    "Recall": 0.9206121472979436
  }
}