{
  "Logistic Regression": {
    "AUC-ROC": 0.7486611822295961,
    "F1": 0.6923121487746944,
    "Precision": 0.6715746880971114,
    "Recall": 0.7143711142993783
  }
}