{
  "Logistic Regression": {
    "AUC-ROC": 0.7573660350283982,
    "F1": 0.7024831747505221,
    "Precision": 0.6823715058611362,
    "Recall": 0.723816355810617
  }
}