{
  "MLP": {
    "AUC-ROC": 0.9306276718033448,
    "F1": 0.8653756957328386,
    "Precision": 0.8400495272399819,
    "Recall": 0.8922764227642277
  }
}