{
  "Random Forest": {
    "AUC-ROC": 0.9371369243536727,
    "F1": 0.8662128858115244,
    "Precision": 0.8505415994468771,
    "Recall": 0.8824725011956002
  }
}