{
  "Random Forest": {
    "AUC-ROC": 0.9408247162636618,
    "F1": 0.8688744816307459,
    "Precision": 0.8493776407445472,
    "Recall": 0.8892874222859876
  }
}